<?xml version="1.0" encoding="UTF-8"?>
<List xmlns="http://hl7.org/fhir"><!-- List for ePI Master List = acme dimethyl fumarate 30 mg -->
    <id value="084b2309-b525-418a-8aa6-de230f9a38f1"/>
    <meta>
        <versionId value="106"/>
        <lastUpdated value="2021-06-28T10:22:41.368+00:00"/>
    </meta>
    <identifier>
        <!-- Brand Name -->
        <system value="http://spor.ema.europa.eu/v2/medicine-name"/>
        <value value="acme dimethyl fumarate 30 mg"/>
    </identifier>
    <identifier>
        <!-- Market Authorization Numbers (MAN) -->
        <system value="http://spor.ema.europa.eu/v2/marketing-authorisation-numbers"/>
        <value value="EU/1/17/1201/001"/>
    </identifier>
    <status value="current"/>
    <mode value="working"/>
    <code>
        <!-- List type = ePI Master List-->
        <coding>
            <system value="http://spor.ema.europa.eu/v1/example-pi-list-types"/>
            <code value="00000021213"/>
            <display value="ePI Master List"/>
        </coding>
    </code>
    <subject>
        <!-- Subject of the List = dimethyl fumarate, 30 mg/ 1 tablet, Gastro-resistant tablet -->
        <extension url="http://ema.europa.eu/fhir/extension/medicine-name">
            <!-- Brand Name -->
            <valueCoding>
                <system value="http://spor.ema.europa.eu/v1/100000000005"/>
                <code value="Acme-product"/>
                <display value="Acme Product"/>
            </valueCoding>
        </extension>
        <extension url="http://ema.europa.eu/fhir/extension/marketing-authorization-holder">
            <!-- Market Authorization Holder (MAH) code -->
            <valueCoding>
                <system value="http://spor.ema.europa.eu/v1/100000000005"/>
                <code value="1234"/>
                <display value="Acme Incorporated"/>
            </valueCoding>
        </extension>
            <extension url="http://ema.europa.eu/fhir/extension/active-substance">
      <!-- Pharmaceutical Product ID (PhPID) -->
      <valueCoding>
        <system value="https://www.who-umc.org/phpid"/>
        <code value="0x9982CA8A825D4561506CE808982E3B9D"/>
        <display value="dimethyl fumarate, 30 mg/ 1 tablet, Gastro-resistant tablet"/>
      </valueCoding>
    </extension>
        <extension url="http://ema.europa.eu/fhir/extension/active-substance">
            <!-- Active substance ID (SID) -->
            <valueCoding>
                <system value="http://spor.ema.europa.eu/v1/100000000005"/>
                <code value="FO2303MNI2"/>
                <display value="DIMETHYL FUMARATE"/>
            </valueCoding>
        </extension>
        <extension url="http://ema.europa.eu/fhir/extension/domain">
            <!-- Domain Human or Veterinarian-->
            <valueCoding>
                <system value="http://spor.ema.europa.eu/v1/100000000004"/>
                <code value="100000000012"/>
                <display value="H"/>
            </valueCoding>
        </extension>
    </subject>
    <entry>
        <!-- ePI type = Package Leaflet 1/3 (English)-->
        <item>
            
			      <!-- <extension url="http://ema.europa.eu/fhir/extension/Product Information Document Type"> -->
	  <extension url="http://ema.europa.eu/fhir/extension/ProductInformationDocumentType">
                <valueCoding>
                    <system value="http://spor.ema.europa.eu/v1/100000155531"/>
                    <code value="100000155538"/>
                    <display value="B. PACKAGE LEAFLET"/>
                </valueCoding>
            </extension>
            <extension url="http://ema.europa.eu/fhir/extension/language">
                <valueCoding>
                    <system value="http://spor.ema.europa.eu/v1/100000072057"/>
                    <code value="100000072147"/>
                    <display value="en"/>
                </valueCoding>
            </extension>
            <reference value="Bundle/79147eac-56be-4aec-9e71-bee160e588b6"/>
        </item>
    </entry>
    <entry>
        <!-- ePI type = Package Leaflet 2/3 (Norwegian)-->
        <item>
                  <!-- <extension url="http://ema.europa.eu/fhir/extension/Product Information Document Type"> -->
	  <extension url="http://ema.europa.eu/fhir/extension/ProductInformationDocumentType">
                <valueCoding>
                    <system value="http://spor.ema.europa.eu/v1/100000155531"/>
                    <code value="100000155538"/>
                    <display value="B. PAKNINGSVEDLEGG"/>
                </valueCoding>
            </extension>
            <extension url="http://ema.europa.eu/fhir/extension/language">
                <valueCoding>
                    <system value="http://spor.ema.europa.eu/v1/100000072057"/>
                    <code value="100000072243"/>
                    <display value="no"/>
                </valueCoding>
            </extension>
            <reference value="Bundle/00b76159-1583-4374-b892-d360b49dae01"/>
        </item>
    </entry>
    <entry>
        <!-- ePI type = Package Leaflet 3/3 (Greek)-->
        <item>
                  <!-- <extension url="http://ema.europa.eu/fhir/extension/Product Information Document Type"> -->
	  <extension url="http://ema.europa.eu/fhir/extension/ProductInformationDocumentType">
                <valueCoding>
                    <system value="http://spor.ema.europa.eu/v1/100000155531"/>
                    <code value="100000155538"/>
                    <display value="B. ΦΥΛΛΟ ΟΔΗΓΙΩΝ ΧΡΗΣΗΣ"/>
                </valueCoding>
            </extension>
            <extension url="http://ema.europa.eu/fhir/extension/language">
                <valueCoding>
                    <system value="http://spor.ema.europa.eu/v1/100000072057"/>
                    <code value="100000072181"/>
                    <display value="el"/>
                </valueCoding>
            </extension>
            <reference value="Bundle/234d3626-fac0-4e69-86a6-556910eecfc9"/>
        </item>
    </entry>
</List>
