<?xml version="1.0" encoding="UTF-8"?>
<List xmlns="http://hl7.org/fhir">
  <!--  List for ePI Master List = acme irbesartan 75 mg  -->
  <id value="84d92ad3-386e-47f2-a1c7-7aea06c44074"/>
  <meta>
    <versionId value="1"/>
    <lastUpdated value="2021-06-28T10:22:41.368+00:00"/>
  </meta>
  <text>
    <status value="generated"/>
    <div xmlns="http://www.w3.org/1999/xhtml">
      <table class="clstu">
        <tr>
          <td>Mode: workingStatus: currentCode: ePI Master List</td>
        </tr>
        <tr>
          <td>Subject: ?ngen-16?</td>
        </tr>
      </table>
      <table class="grid">
        <tr style="backgound-color: #eeeeee">
          <td>
            <b>Items</b>
          </td>
        </tr>
        <tr>
          <td>
            <a href="Bundle-910d1748-674b-430c-b4ab-3665b266a31f.html">Generated Summary: id:
              943f32dd-dc6f-4079-b364-bb522edb9cfb; type: document; timestamp: Jun 25, 2021, 8:33:58
              PM</a>
          </td>
        </tr>
        <tr>
          <td>
            <a href="Bundle-995d3971-b899-43bf-857d-98c26634796d.html">Generated Summary: id:
              d3736342-7e14-4aca-a8a0-2425840518ce; type: document; timestamp: Jun 25, 2021,
              10:44:38 PM</a>
          </td>
        </tr>
        <tr>
          <td>
            <a href="Bundle-36773c03-3040-45e2-82c2-bc3fc968b6a6.html">Generated Summary: id:
              8c44c334-7839-48d2-b369-2235ae18ad48; type: document; timestamp: Jun 25, 2021, 8:25:07
              PM</a>
          </td>
        </tr>
      </table>
    </div>
  </text>
  <identifier>
    <!--  Brand Name  -->
    <system value="http://spor.ema.europa.eu/v2/medicine-name"/>
    <value value="acme irbesartan 75 mg"/>
  </identifier>
  <identifier>
    <!--  Market Authorization Numbers (MAN)  -->
    <system value="http://spor.ema.europa.eu/v2/marketing-authorisation-numbers"/>
    <value value="EMEA/H/C/000142"/>
  </identifier>
  <status value="current"/>
  <mode value="working"/>
  <code>
    <!--  List type = ePI Master List -->
    <coding>
      <system value="http://spor.ema.europa.eu/v1/example-pi-list-types"/>
      <code value="00000021213"/>
      <display value="ePI Master List"/>
    </coding>
  </code>
  <subject>
    <!--  Subject of the List = dimethyl fumarate, 30 mg/ 1 tablet, Gastro-resistant tablet  -->
    <extension url="http://ema.europa.eu/fhir/extension/medicine-name">
      <!--  Brand Name  -->
      <valueCoding>
        <system value="http://spor.ema.europa.eu/v1/100000000005"/>
        <code value="acme irbesartan 75 mg"/>
        <display value="acme irbesartan 75 mg"/>
      </valueCoding>
    </extension>
    <extension url="http://ema.europa.eu/fhir/extension/marketing-authorization-holder">
      <!--  Market Authorization Holder (MAH) code  -->
      <valueCoding>
        <system value="http://spor.ema.europa.eu/v1/100000000005"/>
        <code value="2222"/>
        <display value="Acme Irba Incorporated"/>
      </valueCoding>
    </extension>
    <extension url="http://ema.europa.eu/fhir/extension/active-substance">
      <!--  Pharmaceutical Product ID (PhPID)  -->
      <valueCoding>
        <system value="https://www.who-umc.org/phpid"/>
        <code value="0x8DFB446EDB3B8AE508AE493827A704E4"/>
        <display value="irbesartan 75 mg/ 1 tablet"/>
      </valueCoding>
    </extension>
    <extension url="http://ema.europa.eu/fhir/extension/active-substance">
      <!--  Active substance ID (SID)  -->
      <valueCoding>
        <system value="http://spor.ema.europa.eu/v1/100000000005"/>
        <code value="J0E2756Z7N"/>
        <display value="irbesartan"/>
      </valueCoding>
    </extension>
    <extension url="http://ema.europa.eu/fhir/extension/domain">
      <!--  Domain Human or Veterinarian -->
      <valueCoding>
        <system value="http://spor.ema.europa.eu/v1/100000000004"/>
        <code value="100000000012"/>
        <display value="H"/>
      </valueCoding>
    </extension>
  </subject>
  <entry>
    <!--  ePI type = Package Leaflet 1/3 (English) -->
    <item>
      <!-- <extension url="http://ema.europa.eu/fhir/extension/Product Information Document Type"> -->
	  <extension url="http://ema.europa.eu/fhir/extension/ProductInformationDocumentType">
        <valueCoding>
          <system value="http://spor.ema.europa.eu/v1/100000155531"/>
          <code value="100000155538"/>
          <display value="B. PACKAGE LEAFLET"/>
        </valueCoding>
      </extension>
      <extension url="http://ema.europa.eu/fhir/extension/language">
        <valueCoding>
          <system value="http://spor.ema.europa.eu/v1/100000072057"/>
          <code value="100000072147"/>
          <display value="en"/>
        </valueCoding>
      </extension>
      <reference value="Bundle/910d1748-674b-430c-b4ab-3665b266a31f"/>
    </item>
  </entry>
  <entry>
    <!--  ePI type = Package Leaflet 2/3 (Norwegian) -->
    <item>
            <!-- <extension url="http://ema.europa.eu/fhir/extension/Product Information Document Type"> -->
	  <extension url="http://ema.europa.eu/fhir/extension/ProductInformationDocumentType">
        <valueCoding>
          <system value="http://spor.ema.europa.eu/v1/100000155531"/>
          <code value="100000155538"/>
          <display value="B. PAKNINGSVEDLEGG"/>
        </valueCoding>
      </extension>
      <extension url="http://ema.europa.eu/fhir/extension/language">
        <valueCoding>
          <system value="http://spor.ema.europa.eu/v1/100000072057"/>
          <code value="100000072243"/>
          <display value="no"/>
        </valueCoding>
      </extension>
      <reference value="Bundle/995d3971-b899-43bf-857d-98c26634796d"/>
    </item>
  </entry>
  <entry>
    <!--  ePI type = Package Leaflet 3/3 (Greek) -->
    <item>
            <!-- <extension url="http://ema.europa.eu/fhir/extension/Product Information Document Type"> -->
	  <extension url="http://ema.europa.eu/fhir/extension/ProductInformationDocumentType">
        <valueCoding>
          <system value="http://spor.ema.europa.eu/v1/100000155531"/>
          <code value="100000155538"/>
          <display value="B. ΦΥΛΛΟ ΟΔΗΓΙΩΝ ΧΡΗΣΗΣ"/>
        </valueCoding>
      </extension>
      <extension url="http://ema.europa.eu/fhir/extension/language">
        <valueCoding>
          <system value="http://spor.ema.europa.eu/v1/100000072057"/>
          <code value="100000072181"/>
          <display value="el"/>
        </valueCoding>
      </extension>
      <reference value="Bundle/36773c03-3040-45e2-82c2-bc3fc968b6a6"/>
    </item>
  </entry>
</List>
